MES	CAMPANHA	LINK_PLANILHA
44378.0	Turma Especial TCU 2021 | Guia definitivo para conquistar R$ 21/mês mil no melhor cargo do país	https://docs.google.com/spreadsheets/d/1_5uxRqgZ6VlQHkjonB0pmhIK70r1YMsHNtfdfJccyTk/edit?usp=sharing
44409.0	Imersão Tática PCERJ 2021 | 3 dias de treinamento com quem mais aprovou na área policial em 2021	https://docs.google.com/spreadsheets/d/1sHTZFzq3zIMRzpf0VGOpPxMEUxG-_PGRFawdMjoxVps/edit?usp=sharing
44409.0	Projeto de Reta Final TJSP: Do zero à aprovação em 80 dias	https://docs.google.com/spreadsheets/d/1ymyS3LniY725VcnU66GaY6BQ7cTTUboHvTZT9r_tWA8/edit?usp=sharing
44409.0	CFC Sob Controle | O caminho seguro para a aprovação no exame de suficiência	https://docs.google.com/spreadsheets/d/1yFJXwLB0p78bwfVRcnGq_-3_rKZ1BNrc9rpM50NDi84/edit?usp=sharing
44409.0	1º Congresso Nacional dos Concursos de Saúde | Como conquistar uma das 15 mil vagas	https://docs.google.com/spreadsheets/d/11CDrFrqXoRDl13zAJnA08YsfgQ014dvu0RwTcn1HoK0/edit?usp=sharing
44409.0	Imersão Elite Fiscal | 1.375 oportunidades para ingressar no serviço público ganhando até 21 mil	https://docs.google.com/spreadsheets/d/1ocdmXPtMlEcOtHUdK7PRt9SWAROMjqLOYARytC6ZURU/edit?usp=sharing
44440.0	PC PB Operação Parabellum - Fique pronto para a disputa pelas 1.400 vagas	https://docs.google.com/spreadsheets/d/1kX2hzg0fVXd72Us1I9fJ2UuQBbgvVP-vp9KIgTItAGQ/edit?usp=sharing
44440.0	Ultimato CGU - 300 vagas para ganhar R$ 1 milhão em 4 anos	https://docs.google.com/spreadsheets/d/1dCWQI_97-Kps9SNf6TYpiOUbwChG9G2D5hixGIm-aRU/edit?usp=sharing
44440.0	SEDF em Dose Dupla | Como se preparar de uma só vez para os dois concursos de Professor do DF	https://docs.google.com/spreadsheets/d/19CgREY4alW3woeyUjM0xa_z_O4bUY9QJ3SjDMQLwdk4/edit?usp=sharing
44440.0	Operação Reta Final PCERJ | Revelando os segredos da FGV	https://docs.google.com/spreadsheets/d/1kyEc2Xx5gqaNhnuzZrPwJwMMleT-YzN23snKd8QByts/edit?usp=sharing
44470.0	Raio-X Final TJ RJ | Desvendando a banca CEBRASPE	https://docs.google.com/spreadsheets/d/1pOXhxlHwAQyVndeWpndTNI9Q3u640FV1IRE6EMW_ETg/edit?usp=sharing
44470.0	Black Friday Estratégia 2021 | O Líder absoluto em aprovações com os menores preços do ano	https://docs.google.com/spreadsheets/d/1Aydzdm_E6rQjpskANB1tVwGRcObA_Wbg7akuABsqAeI/edit?usp=sharing
44470.0	Última Chamada PC PB | Por que você não pode deixar essa oportunidade passar. Não mesmo!	https://docs.google.com/spreadsheets/d/1fFKYJflKaKg7g3LPul1nShqF-5I_hsaEVn-qy37aIx4/edit?usp=sharing
44501.0	Protocolo Final TCU | Como vencer a FGV com as técnicas utilizadas por 70% dos aprovados em 2013 e 2015	https://docs.google.com/spreadsheets/d/1Kzt4A-7Y0sVZinSNwAWSMnmcNRrZxazgq4PeF2zot1g/edit?usp=sharing
44531.0	IBAMA x ICMBio | Descubra o melhor caminho para ganhar até R$ 8 mil por mês	https://docs.google.com/spreadsheets/d/1VipTdnV0aoeih4UIR9VLoJ_lB92hA1UXSZd7bTLdH3M/edit?usp=sharing
44531.0	Petrobras em 50 dias | Guia Definitivo para conquistar pelo menos R$ 13 mil iniciais por mês mais benefícios	https://docs.google.com/spreadsheets/d/1XIdrStL8JtnaasN7mAd6hIHSCySm95J1Fgn9_clG3bI/edit?usp=sharing
44562.0	O ano da virada | 73,6 mil vagas de concursos, salários de até R$ 21 mil e o método que funciona há 10 anos	https://docs.google.com/spreadsheets/d/1OEC-4QXE_YvIYTvBk8blb9fIQ6yMKxa7PQL4Bkf3ch8/edit?usp=sharing
44562.0	Desafio INSS 180 | Garanta 6 mil por mês estudando 180 minutos por 180 dias	https://docs.google.com/spreadsheets/d/1mC9aP1bPW7Suy5faT_QATh_5CjsuoVnb2BoqbJ6qk-E/edit?usp=sharing
44562.0	Senado: a oportunidade da Década | A estratégia para conquistar R$ 19 mil/mês tendo apenas nível médio	https://docs.google.com/spreadsheets/d/1eN-kdLUmbSluVJrocpah5WPyWu9i_6zugunc7FYz-18/edit?usp=sharing
44562.0	A chave do sucesso TDJFT | O poder do método #1 em concursos para sair na frente na disputa por 250 vagas e conquistar salários de até 12 mil	https://docs.google.com/spreadsheets/d/1cCl7Hc8LN0qZMtcoXo8NvNJK1rEE2jp9nsqhmKyhEIA/edit?usp=sharing
44562.0	Operação Zero Um Polícia Federal | Saiba como aplicar o método que aprovou 1º, 2º e 3º colocados de Agente, Escrivão e Papilo do último concurso	https://docs.google.com/spreadsheets/d/1JpeFeD7m5bEYiluXI8d7rQTZkcDr933QIX9baijB5TQ/edit?usp=sharing
44562.0	MasterClass Receita Federal 2022 | Os segredos para conquistar uma das 699 vagas e salários de até R$ 21 mil revelados por quem já foi aprovado	https://docs.google.com/spreadsheets/d/1nYQTqBKjpIHaPnEW1W2Tet9DZ79JCge0tnZGTbMsDTI/edit?usp=sharing
44562.0	PC SP em Alerta |  A estratégia de RETA FINAL mais eficaz para conquistar uma das 2.939 vagas	https://docs.google.com/spreadsheets/d/1ND97eeoxwPJ7q6zXGyJ6hlC5XvQsz8fbB7lF0Lhsxhk/edit?usp=sharing
44562.0	Método Pós-Edital #01 TJDFT | Faça o que os #1 colocados fizeram e seja aprovado em 4 meses	https://docs.google.com/spreadsheets/d/1aWJyPuUGW8irQcrkZm9-uNSgHwXdC4y_K54J8BsniPk/edit?usp=sharing
44593.0	Geração de Ouro de Auditores Fiscais | Como se tornar o profissional mais bem remunerado do poder executivo em 2022	https://docs.google.com/spreadsheets/d/1lzCRDglS5XEzGxnyeq8kxOOlAwMcEuTauoW406LF6_Q/edit?usp=sharing
44593.0	Operação PMDF 2022 | O treinamento especial para as 2100 vagas na tropa mais bem paga do país	https://docs.google.com/spreadsheets/d/1LSoFYFOGW3M6lXhCaiqg0GPUYbzkj_hG262OH5_mWrk/edit?usp=sharing
	[CONSERTE O ERRO] Procura-se reprovados | As suas chances continuarão pequenas enquanto estiver do lado errado.	https://docs.google.com/spreadsheets/d/1KECOTG8Yql2ap2tkx-aMKPq5kMBaw0HyY-dACheyMpk/edit?usp=sharing
	1a Turma Estratégica INSS | O plano para conquistar R$ 6 mil por mês estudando 3h por dia	https://docs.google.com/spreadsheets/d/1K4CK6SUmGzrxDbTzxkex7IOxPt0usf70YdhFquER3mI/edit?usp=sharing
	Esquadrão Classe A Receita Federal | O plano imbatível para conquistar salários de até R$ 21 mil em 2022	https://docs.google.com/spreadsheets/d/14an65Xg5IYPmQPBwm1UgwiWxMNN3xoqf_RIKHRsIleE/edit?usp=sharing
	O Jogo da Aprovação TJ MG | Ganhe pelo menos R$ 6 mil/mês (nível médio) com a estratégia que aprova até 90% em Tribunais	https://docs.google.com/spreadsheets/d/1CI4F4TAJtxrMpjSOOFXIRiRGlZfZ0bAwiIoeQ47bKMg/edit?usp=sharing
	Semana das Residências Uni e Multiprofissionais | Como obter diferencial competitivo no mercado ganhando até 4 mil/mês para estudar	https://docs.google.com/spreadsheets/d/1bSMtRYkUbeA8rFhifa8niSbpX9oik7t3-GGJPeMp5uw/edit?usp=sharing
	Esquentou INSS | O que fazer diante do novo pedido de 7.830 vagas	https://docs.google.com/spreadsheets/d/1gd7ncvqzkiZKVaYnwVRq0Sj1HXstwKkMhJ4nSsWoeog/edit?usp=sharing
	FUNIL DE E-MAILS	https://www.google.com/url?q=https://docs.google.com/spreadsheets/d/1UMl_rtEC772KNTgPu8eTLBHpDEq9bciMUi6jJRFCVHE/edit?usp%3Dsharing&sa=D&source=calendar&ust=1651531173240380&usg=AOvVaw3x4qIFLgD2FGZ71xKpQeb2
	Detonando Concursos de Nível Médio | Como conquistar uma das 6 mil vagas com salários de até R$ 10 mil nos próximos 6 meses	https://docs.google.com/spreadsheets/d/17_bTO95YaiN5wlJcVL8KixP2_jRAEFPHhwwDSWp2_g4/edit?usp=sharing
	Vzero PRF 2022 | Aprenda e domine por completo a estratégia usada por 952 aprovados em 2021	https://docs.google.com/spreadsheets/d/14JnLhKpofrs5DmjasC80RDEZqXXekykwM2tszu0324E/edit
	Pós-Edital Turbinado TRT RS | 60 dias para detonar a FCC e conquistar até R$ 12,4 mil/mês	https://docs.google.com/spreadsheets/d/1JCU628QNXz70MbQWnFSpn89qtF4bKNBPbHgAlR8nLro/edit?usp=sharing
	Mapa da Aprovação Receita Federal | Domine o método que aprovou 67% dos Auditores no último concurso e conquiste 21k/mês	https://docs.google.com/spreadsheets/d/1Uk_3I2Z8R5vBY54rHgtjGA6UUJNkjkuXTDSnExr6F7g/edit?usp=sharing
	FUNIL DE E-MAILS MP PA	https://docs.google.com/spreadsheets/d/12mItT9AYji8TqQfaGD0W2QoCunFMFo7pvzkEzOYRB4s/edit?usp=sharing
	FUNIL CARRINHO ABANDONADO	https://docs.google.com/spreadsheets/d/1Vdq9jxuhvZMOQxa0x7VOm0_2YYX7lLJgNlvsfwRigeY/edit?usp=sharing
	A Jornada do Escriturário BRB | Descubra como ganhar R$ 4.000,00/mês no Banco de Brasília tendo apenas nível médio	https://docs.google.com/spreadsheets/d/1RPtGZ26wH-bdb-SoiHSbJytMmpmh5dkX4d5oKQJxECk/edit?usp=sharing
	MasterClass Área Fiscal | Dispute em alto nível os 7 maiores concursos fiscais de 2022 com salários de até R$ 27 mil	https://docs.google.com/spreadsheets/d/1lY-zwRkhBcwjEh6WhnLzJB4fj4Lpssnfr6fyfPyNZJg/edit?usp=sharing
	INSS em 90 minutos | 3 coisas que você precisa saber antes do edital sair	https://docs.google.com/spreadsheets/d/1gLtKFolA9UQRig1ylQ3jNDiBYMCLKDSQYq-jbaV5KzM/edit?usp=sharing
	Ações de vendas para a Receita Federal	https://docs.google.com/spreadsheets/d/1cnPtziMH253XNeorSGTauQXINav4k0Svf4-yBi__7-o/edit
	Semana nacional dos concursos públicos | O fim da concorrência nos concursos públicos	https://docs.google.com/spreadsheets/d/1d6XNubJM93krlctYXpk-Bg_VVzJMGPZTYQRbi0E5OXY/edit
	Gabarito SEFAZ MG | O passo a passo para conquistar uma das 431 vagas e ganhar R$ 25 mil/mês	https://docs.google.com/spreadsheets/d/1DgGiUfp__5bXo7vTdwgpAk7QvKH31unlemrGzRWm5Pw/edit?usp=sharing
	BRB: Jornada da Aprovação em 120 dias I A trilha para conquistar uma das 150 vagas e ganhar 5 mil/mês sem ter faculdade	https://docs.google.com/spreadsheets/d/1yZtKCTAaCks0Kb5HjdgCX_1EGqcBAzscuweIVuzmQ1o/edit
	Concurso INSS | O Ultimato - Saiba como ser aprovado e ganhar R$ 6 mil/mês no melhor concurso de nível médio	https://docs.google.com/spreadsheets/d/1HiuybOLmjQNuKdMBSUgfV-afwBK6HiWk9j-Qer9wZtg/edit?usp=sharing
	Senado Federal: A via alternativa | Por que você não pode ignorar esta oportunidade de ganhar até R$ 33 mil/mês	https://docs.google.com/spreadsheets/d/1GwuMOm82CKmcFYwEGAwL_RfGAIT8dZCH4E2RTXUFTVw/edit?usp=sharing
	Receita Federal Experience | Um acompanhamento de 30 dias que fará você 'furar a fila' da aprovação	https://docs.google.com/spreadsheets/d/1Wl779HcLq0jllLSPVaWPuedouGXzTfmoyVbFLbwqYjA/edit?usp=sharing
	Missão Final CFC | A última chance para ser aprovado ainda em 2022	https://docs.google.com/spreadsheets/d/1IO2Fm_UGkwHOqjhDZ8s-ySJq3QjHRvAn3n9Q8zSp_cY/edit?usp=sharing
	Projeto R$ 9 mil sem faculdade | Conquistando uma das mais de 5 mil vagas para nível médio em 2022	https://docs.google.com/spreadsheets/d/1rwtHfWQ14rohSQSY1ajdlUc5cVYylM0Hdy9ZX5Hodek/edit?usp=sharing
	TRT MG em 70 dias | A reta final turbinada para conquistar até R$ 14,2 mil por mês	https://docs.google.com/spreadsheets/d/1FwPkoxNpGUQkZpK-3wgfmqGg19tnMrThMU2UPEwljyQ/edit
	Semana da sua Independência Financeira I 61 mil vagas abertas para ganhar até R$ 21 mil por mês	https://docs.google.com/spreadsheets/d/1V0gVRprkVnkjAYY9X90bYAGXcFszujgjwC7M8WXvhCs/edit?usp=sharing
	Sinal Verde INSS | Largue na frente no concurso mais esperado com 1.000 vagas e salários de R$ 6 mil/mês	https://docs.google.com/spreadsheets/d/1kulEMVqgpesPq9r42up163Jzcr5yaTRlMTaI7Xr3jZg/edit?usp=sharing
	Detran DF de 0 a 100 | Largue na frente no pós-edital com 366 vagas e salários de até R$ 6,4 mil	https://docs.google.com/spreadsheets/d/18oh6IM_tt4rnkz4mbjm67Mk0oUYT6iUtdZgUOatVYWk/edit?usp=sharing
	Vaga Certa PPGG DF | Garanta até R$ 7,7 mil por mês com o método pós-edital que aprovou 85% no TCU	https://docs.google.com/spreadsheets/d/1QKDbInYHGIHO4VrsWV3rPavm49K4F0R8XYYWSYiT_7w/edit?usp=sharing
	Funil upsell Assinatura Premium	https://docs.google.com/spreadsheets/d/1nXeFgjwIAkazoMQULRv4y-meoytDAy00BFy70o03jWA/edit
	A Última Jornada do INSS | 70 dias de treinamento para disputar as 1.000 vagas de nível médio com salários de R$ 6 mil	https://docs.google.com/spreadsheets/d/1_AamWM4oo3M4UtPNgCF1ZGTSHtKaIOtUGE9hOfJSFl0/edit?usp=sharing
	Black Friday Estratégia Concursos |  O menor preço do ano para estudar com o líder absoluto em aprovações.	https://docs.google.com/spreadsheets/d/1FSiutVEguraBZ1fqjW80XySZbR74nLsuYJb_dPGagPg/edit
	MP MG Imersão em 60 dias I Para você não ficar de fora das 101 vagas e garantir até 6.2 mil/ mês	https://docs.google.com/spreadsheets/d/1LYV6i6rrdSe8vYLuD3JFyR_NsUUbdEC9krnnWyyihkE/edit?usp=sharing
	Turma de Elite PM SP I Saia do zero e conquiste uma das 2700 vagas em apenas 3 meses	https://docs.google.com/spreadsheets/d/1AQxZV8D4t0XOOK3SiPcXQNVit-v1hV2yW5bVY0V_SYY/edit?usp=sharing
	Imersão PF e PRF | O treinamento especial com quem aprovou 977 na Polícia Federal e 952 a Polícia Rodoviária Federal	https://docs.google.com/spreadsheets/d/1E4hGiG4kOsWOtZ1ohlM2OBJiPj-LJypJHNlp6yn2DSE/edit?usp=sharing
	2023: O ano da sua aprovação |  Mais de 55 mil vagas em concursos para ter estabilidade e salário de até R$ 28 mil	https://docs.google.com/spreadsheets/d/1iiYPwKawTIFMIDiKisFVsrXq3JUzmD94vVv1p5ka5wc/edit
	Auditor Fiscal em 2023 | 12 concursos e mais de 1.100 vagas com salários de até 35 mil	https://docs.google.com/spreadsheets/d/1cVl1EMXmSTzjYETrDT6Z2T5JfJmOpH4Xge4trg5_LYU/edit?usp=sharing
	Projeto Banco do Brasil | Saia do zero e conquiste  uma das 6.000 vagas tendo apenas nível médio	https://docs.google.com/spreadsheets/d/1z-qo8FmcwmzzfqvdcLowsMssjUU92wrHwiPvNjDUtmk/edit?usp=sharing
	FUNIL BANCO DO BRASIL	https://docs.google.com/spreadsheets/d/1iRm8_g8VFhXvEH0IOd7vwkcE_Fh0cHK44UF9c_E3U1w/edit?usp=sharing
	Projeto 39K Sefaz MT |  Como conquistar a sua vaga no concurso que paga meio milhão por ano	https://docs.google.com/spreadsheets/d/18WAm7GoABqeub_D6P_shJO-BVKVSgT2xmEHE1lxTukU/edit?usp=sharing
	FUNIL PACOTEIROS	https://docs.google.com/spreadsheets/d/12SEk4MAS6roUnxI_YJeaAoWlrNcHd_3Hl_aY7J1L-9k/edit
	Mapa da Aprovação PETROBRAS | O plano imbatível para ganhar R$ 5 mil + dezenas de benefícios ainda em 2023	https://docs.google.com/spreadsheets/d/1S-izqcJC-B6Nh2JpBXYsJuutrmQw7PcLYqFNSQEDzas/edit?usp=sharing
	Assinatura vitalícia | Nunca mais gaste um centavo sequer para ser aprovado em concursos	https://docs.google.com/spreadsheets/d/1ZpSK1pvaiaIiyytRfum_XF0em2uhDI9miLW3ZlDskWw/edit
	Código da Aprovação SERPRO |  Como garantir uma das 602 vagas com remunerações acima de R$ 10 mil em 75 dias	https://docs.google.com/spreadsheets/d/1djj3cd1rB72FkCilUNkZD1eqRwW9A31f9_N_kDhs4vE/edit
	Mapa da Aprovação AFT 2023 | O que fazer para se tornar Auditor Fiscal do Trabalho e ganhar R$ 23,5 mil por mês	https://docs.google.com/spreadsheets/d/1il96-RpjsuZwifVQWiq9JsdWNo7lWSgpns8YRDJPeSk/edit?usp=sharing
	Conexão ISS RJ - ISS SP | O plano para dobrar suas chances de se tornar Auditor e ganhar mais de R$ 20 mil/mês em 2023	https://docs.google.com/spreadsheets/d/1h01ClhBOR4gvez6B4bvC8iCohpUJ3Qk9FEG9AAnuNUA/edit?usp=sharing
	Mapa da Aprovação TSE | As melhores estratégias para sair do zero e conquistar até R$ 14,4 mil/mês	https://docs.google.com/spreadsheets/d/1IzOj9ucNhH1EklEZ5Uy5mJai67EADYiX9eW07Tb0UIU/edit?usp=sharing
	Enfermagem do Zero para Concursos com Ligia Carvalheiro	https://docs.google.com/spreadsheets/d/1PF4mQUKUgGi77pDsn4Ozip6T7PgLvsHG5QQrIBoMkAs/edit
	FUNIL ISS RJ	https://docs.google.com/spreadsheets/d/1ZaWMDFzbrjq3inmQgcsIaSyL0dVbMQzvdIctOLDI5Ws/edit
	FUNIL PMERJ	https://docs.google.com/spreadsheets/d/1JhtdVTDe3jeiV7kJP-DH08NvCjFONEQ2RpCl0CUx5XQ/edit
	Turma de Elite PF e PRF | Aproveite o novo pedido de 5.855 mil vagas e comece agora a sua preparação com o curso dos 1ºs colocados	https://docs.google.com/spreadsheets/d/17AsvD0LKzog3RZ3HN8UzwzJQDLq5MS6H1j-RzBLUXXo/edit
	ISS SP em 90 dias | O guia de reta final para conquistar uma das 60 vagas e ganhar R$ 26 mil/mês	https://docs.google.com/spreadsheets/d/1r0pOlP3rPxD9Rn4bEDpvEeit55xgkX3F_dc9GG3b_Ec/edit
	Projeto TSE Unificado | O guia definitivo para você conquistar até R$ 14,4 mil/mês ainda em 2023	https://docs.google.com/spreadsheets/d/17SkKRE-X_9Hq8sS_Gjs8tUctQGBObOsP15hFSJkGsgQ/edit
	AFT 2023: o Gigante Fiscal | Preprare-se para o maior concurso da história do órgão com 900 vagas e salários de R$ 23,5 mil	https://docs.google.com/spreadsheets/d/14qhCzwhKqVQ5e1r7L0-LzXAeRQoY9Yry3rVF6VxIq7g/edit
	FUNIL TJ SP OFICIAL DE JUSTIÇA	https://www.google.com/url?q=https://docs.google.com/spreadsheets/d/1DiP3CXC_C2zxbh2q4KFFzzexCqY_7HTliFrkczFf830/edit?usp%3Dsharing&sa=D&source=calendar&ust=1689290053557276&usg=AOvVaw3Akvd6MbsDSRhiD8W_trMH
	AFT Preparação Acelerada | Largue na frente para conquistar uma das 900 vagas e ganhar R$ 23,5 mil/mês	https://docs.google.com/spreadsheets/d/11LoDwrZV8nt2dBmaqfGGWv9UYT38PLyHsylsI5clA_M/edit?usp=sharing
	Mentoria Estratégica TSE | O acompanhamento completo até a data da prova para furar a fila da aprovação	https://docs.google.com/spreadsheets/d/1X1X8qjUxyVTgECJUbav1BzEejkXmH3tRxCYA3bEIXFw/edit
	Mapa da Aprovação Câmara dos Deputados | Domine o método usado por 70% dos aprovados no Senado e conquiste R$ 26mil/mês	https://docs.google.com/spreadsheets/d/1XQylW0AzhGU424BsaByPnSqm5nT9zVQyYfxlHaQDE68/edit
	Marco Zero BACEN + CVM | Descubra como conquistar uma das 160 vagas com salários de até R$ 23 mil/mês	https://docs.google.com/spreadsheets/d/1reQ_zE_EKlj_XO3BSO2yIHQt3H1Txtm0_SSMZcxkS8E/edit
	Jornada do AFT | Prepare-se em alto nível para o maior concurso fiscal dos últimos 10 anos e conquiste R$ 23,5 mil/mês	https://docs.google.com/spreadsheets/d/1j9HycrMLe1ehsqFYKT6SuSZ7ya5nuZMa-yokYCf0YUQ/edit
	Turma Estratégica TSE | Aprenda o método usado por até 85% dos aprovados em TREs e conquiste R$ 14,4 mil/mês	https://docs.google.com/spreadsheets/d/1M5wUJywGYMkIplCXjjatJoZ1HZGza0Fd1Bjx0xRhxiY/edit
	Semana da sua Independência Financeira | Conquiste uma das 85 mil vagas em concursos para ganhar até 26 mil por mês	https://docs.google.com/spreadsheets/d/1i0fNSjRIZ8ZgxxTlZmU_hq9dsEmilFQ5wpBh6yBUFSI/edit
	Concurso PC SP - Escrivão e Investigador | Preparação turbo para provas objetiva, discursiva e oral em único lugar!	https://docs.google.com/spreadsheets/d/1WBKw5QR6Vvwa_pVBYhs8nFJ6gYZAYz3JeT-5k7qu8v4/edit
	Mapa da Aprovação PRF | Aprenda a estratégia usada por 952 aprovados no último concurso e conquiste sua vaga estudando só 3h/dia	https://docs.google.com/spreadsheets/d/1YpdAJd_zO_WTMX5BI3H_qHAspA5ehbNZD7C0uyNbmag/edit
	Guia da Aprovação no INSS | Descubra a estratégia usada por 2 em cada 3 aprovados e conquiste uma das 7.655 vagas solicitadas.	https://docs.google.com/spreadsheets/d/1fGz3ThUff_sPBoUbJ1ayU72Oflrob7NEOgATL7mE_2o/edit
	Melhor que Black Friday | O nº 1 em aprovações pelo menor preço do ano	https://docs.google.com/spreadsheets/d/1w7V4FmC5BcYRSPsQ9V7lMES4qawbQMcoD_AHrKFszRo/edit
	Esquenta Black Friday | Uma série de aulas com o nº 1 em aprovações	https://docs.google.com/spreadsheets/d/1crCYTcwpH4LbeTrND7ekz11Y62XpBXSFcfPjWkyftQc/edit
	Black Friday Estratégia Educação 2023 | O nº 1 em aprovações pelo menor preço do ano	https://docs.google.com/spreadsheets/d/1yxaqlSo1i8G2O3m1wXQaQ-q7wgqp0ch8YX92utH1C0k/edit
	Preparação Turbo TSE | A estratégia de reta final para você conquistar um salário de até R$ 15 mil/mês	https://docs.google.com/spreadsheets/d/1QMZx6KLHRjNJjXC7y5YjzH7aLOuIK5vxxG6BCVrWpK0/edit
	Funil de e-mails CNU	https://docs.google.com/spreadsheets/d/1Ye6go7EITfBbMdfe90FMAHF2X3Dgvv2phdMed-tbLZM/edit
	Nunca mais seja demitido | Mais de 64 mil vagas, salários de até 27k e estabilidade para sempre	https://docs.google.com/spreadsheets/d/13FQbtlYQpb6KoKq6rpxu3-lmO91fyWwryPHsMQ_sIZw/edit
	Seja um professor concursado em 2024 com o Estratégia Educação	https://docs.google.com/spreadsheets/d/1-6URbic-Ig591GRjfMcqUvTT9OTxsDTqF-dA9Az-E4E/edit
	Você aprovado em 2024 - Estratégia Saúde	https://docs.google.com/spreadsheets/d/1HWZQBFQ_Ge2KsUBXBM8uX6cYxCAwN8650G5UkFoLy4U/edit
	Operação Polícia Federal 2024 | Conquiste uma das 2.000 vagas anunciadas com quem aprovou 977 PFs no último concurso	https://docs.google.com/spreadsheets/d/1qNccyNWkoXK5PRaPH2QCVOx4MnU-D3PKrDZ8t8-KmVQ/edit
	Reta Final Polícia Penal GO | Conquiste uma das 400 vagas e salários de R$ 6 mil com o método dos #1s colocados do DEPEN	https://docs.google.com/spreadsheets/d/1bcm2FxZn4Xv4icyV2g_k7OiT79TVNUviOWaUKxEfSI8/edit
	Preparação Total BACEN, CVM e STN | Multiplique suas chances de aprovação disputando as 200 vagas com salários de R$ 20,9 mil/mês	https://docs.google.com/spreadsheets/d/1mFq3W0AmgJrqjG9RSe8kmi2Op7niMrK_bqfUARfqvAw/edit
	Guia da aprovação CAIXA | O plano imbatível para você conquistar uma das 4.000 vagas com remunerações de R$ 5.2 mil.	https://docs.google.com/spreadsheets/d/15Zb3A9qxCYFHodpRRtubmELdWipwyfiWZwsRmCwGjDI/edit
	Preparação Descomplicada Concurso Unificado | O caminho mais curto para você conquistar uma das 6.640 vagas e salários de até R$ 22 mil	https://docs.google.com/spreadsheets/d/1WG5J_1Liru6suwE_yKA4faMVD_ishgyD8HuUw7X9Fkw/edit
	Concurso CAIXA - Edital publicado	https://docs.google.com/spreadsheets/d/1qT6GXSKsvX1yYBolNYad4WekLe5o4ub-eiD7rj7dX3M/edit
	Jornada da aprovação Receita Federal | Os 10 melhores concursos para ganhar até R$ 30 mil por mês	https://docs.google.com/spreadsheets/d/1MuRuxq28Ndz-88Eab01Aowo2lItiuwNwesv9KUHL3Gw/edit
	Funil de e-mails CNU	https://docs.google.com/spreadsheets/d/1wlQT6pm1gHibhgF8yRqss0Pj3mj-OwZEmRadEulK114/edit
	Funil de e-mails MPU	https://docs.google.com/spreadsheets/d/1U4eTCU0yulgcfkprIR50-7Pw6Y3JWars3J9KWyDGDlk/edit
	Funil de e-mails BACEN	https://docs.google.com/spreadsheets/d/1GFWJx_Ddl6S9i1UEb0ToYcqUn-WPMK_63XbmmJZcrnc/edit
	Funil de e-mails PRF	https://docs.google.com/spreadsheets/d/1FFl6CUm8hP8AKRZzB_4r-hzNTDC7Pmmd8ThIVejjnME/edit
	Funil de e-mails BNB	https://docs.google.com/spreadsheets/d/1TnlGUCzjVANVdnd2z1e-x990i5kMEqE4ScOi0iZYIuk/edit
	Reta Final TJ SC | O caminho mais rápido para conquistar até R$ 9,4 mil/mês com estabilidade	https://docs.google.com/spreadsheets/d/1nPe63JFHDD2-UtGJG0kLVmI7Z0GxJ8-CZmfT9FumXPM/edit
	Semana Especial dos Concursos Fiscais | Os 10 melhores concursos para ganhar até R$ 30 mil por mês	https://docs.google.com/spreadsheets/d/1_O4ovQTnLGjuDY3CJbBMdXKRUQ1Oy-wUafGlfwoves8/edit
	Trilha da Aprovação TSE Unificado | O passo a passo para conquistar uma das 520 vagas e até R$ 15,4 mil/mês com estabilidade	https://docs.google.com/spreadsheets/d/1cBHO9S60mA7Vm1yYPRh4Q_DKNUuUao0g92aAoCgrEW8/edit?usp=sharing
	TJ AL em 80 dias | Como conquistar R$ 4 mil/mês mesmo sem ter feito faculdade	https://docs.google.com/spreadsheets/d/11KNVcr2GqDr224y9VCsojakH7-dQTnWf-t6M_a3KCjE/edit
	Código da Aprovação BRB | Como conquistar uma das 100 vagas de TI e até R$ 10,2 mil/mês em 80 dias	https://docs.google.com/spreadsheets/d/1y0BPboQ6LVnpBlPOGdOA9Oy4gxhuGQpVK5mKxk5F6KU/edit
	Reta Final TJ MA | 80 dias para conquistar R$ 6,7 mil/mês mesmo sem ter feito faculdade	https://docs.google.com/spreadsheets/d/1IfG3O_eRgr6q3DnwE0vPGtp8OQ0zn0BJ4IFDYwsog3k/edit
	Semana Especial dos Institutos Federais	https://docs.google.com/spreadsheets/d/118kDGp_SlM_0at6M1zKsoRyjhEQnq8WsdPFj7YpleGk/edit
	Funil de pacoteiros	https://docs.google.com/spreadsheets/d/1-r57z-y2fbQql8bTZJjTj9o7tT1NXKyiM63aig6V4BA/edit
	Funil CNU | O que fazer após o Concurso Unificado?	https://docs.google.com/spreadsheets/d/1mWMdODJVijP59f-de5w95e9XCnObxTWJCc1H5wCtXXw/edit
	Sprint Final CNU - Como aproveitar o tempo para aumentar suas chances de aprovação	https://docs.google.com/spreadsheets/d/1LF6nQ23b50ypGc-juy2apGtcw5KDfRJfoCMOlK-CUkQ/edit
	Semana dos Concursos de Nível Médio | Mais de 18 mil vagas com estabilidade e salários de até R$ 7 mil sem faculdade	https://docs.google.com/spreadsheets/d/1M3hnU0Yg3X_4FIdz4l2QOVK-p_bjVE_zcGNLSCcD1eQ/edit
	Mapa da aprovação BNDES | TUDO que você precisa fazer para conquistar mais de R$23 mil por mês ainda em 2024	https://docs.google.com/spreadsheets/d/1d9XBOpLEQaaBviokxqAY3KUCIXcJvEs5znqLOJnuB6c/edit
	TJ SP em 100 dias | 572 vagas para ganhar R$ 6 mil/mês mesmo sem faculdade	https://docs.google.com/spreadsheets/d/1f8-XuYDB0yfojFd17xL6kzSCl2EYXPb1QtZ6OUSMrC8/edit
	Funil de e-mails TJ SP	https://docs.google.com/spreadsheets/d/1RtW5Q4WXaNUkcJadWnthyUzWxrZOYFgmBA8TOdcccoY/edit
	Concurso TRF 1 - Edital publicado	https://docs.google.com/spreadsheets/d/1EZkxweZWWxnobSisTlyHuIVqPfJMS0Wq9bZTgv0LgRk/edit?gid=43350681
	Concurso TRT CE - Edital publicado	https://docs.google.com/spreadsheets/d/1CKC_sZx_sXwOKxQWHtAPozJ5wo5JuycghL7zu9qXmP0/edit?gid=0
	Polícia Penal GO em 70 dias | Como conquistar uma das 1.600 vagas e salários de R$ 6 mil	https://docs.google.com/spreadsheets/d/1kDZ99agmZwr6Q-Hv-9vJG1IX-tep-Y7VLV53DbHyziE/edit?gid=0
	Guia da Aprovação Receita Federal | Conquiste R$ 23 mil por mês com o método exclusivo usado por 83% dos aprovados em 2023	https://docs.google.com/spreadsheets/d/17KXiD8wwc2f6h3Ond-mwtPvBIJA0NXXL0KdsFwpC-rM/edit?gid=0
	Operação Federal | O método de elite usado por 977 aprovados para você ingressar na Polícia Federal	https://docs.google.com/spreadsheets/d/1XRMGVngAW8VaWko8gs6FUe_bKsUAP1IN0YyG9__oQFw/edit?gid=0
45505.0	Plano de Aprovação MP PR | O guia de reta final para conquistar uma das 86 vagas com salários de até R$ 16 mil	https://docs.google.com/spreadsheets/d/1Phdwo-39RHDGGA1Z7W8_jm-21nxte7a5QwPC-WrJ-ZI/edit?gid=43350681
45505.0	Funil de e-mails TSE	https://docs.google.com/spreadsheets/d/11o5M6q1x51IZcdqGHfEE2Z1LIIbPbLP3JD--FhYhZbM/edit?gid=683855694
45505.0	Jornada do Auditor Fiscal | O passo a passo para conquistar uma das mais de 500 vagas previstas e ganhar até meio milhão de reais todo ano.	https://docs.google.com/spreadsheets/d/1nYUuvX7-up-nFJN82_Ewx_BsGQOSB4j4ZhdoIRXDrLw/edit?gid=683855694
45505.0	Funil - Agosto/24	https://docs.google.com/spreadsheets/d/11X5SpkpRWbK3azvlUSKSEPf6dIboAwWPE7A6aNPKjl0/edit?gid=683855694
45505.0	O que fazer após o Concurso Unificado?	https://docs.google.com/spreadsheets/d/1yqtj8-aVbKbI4R7K4pY1OtaL05qIaYEfUieuhmYor_8/edit?gid=524452270
45536.0	Jornada da Independência Financeira - Descubra como ser aprovado em menos de 1 ano e ganhar até R$ 30.000,00 por mês	https://docs.google.com/spreadsheets/d/1qg0chHtYsDPoz0KxJSxUlJKD7FKs53wEAk-qkVQQppo/edit?gid=0
45536.0	DO ZERO À PCDF ADMINISTRATIVO | Como garantir uma das 200 vagas de nível médio e R$ 5,5 mil em 4 meses	https://docs.google.com/spreadsheets/d/1klH71CK-g5Zhlzv5gJwGSYbqGgxnFuaNK01QQYqf6qQ/edit?gid=1384578142
45536.0	PROJETO 7K SEM FACULDADE | O método comprovado para conquistar uma das 43 mil vagas de nível médio e ganhar até R$ 7 mil/mês	https://docs.google.com/spreadsheets/d/1UUWAiTNi1Uueb0lSQ7IkYJLymWTtuslPeu23CEV07CU/edit?gid=0
45536.0	Fábrica de Auditores SEFAZ RJ | Conquiste salários de pelo menos R$ 30.000,00/mês com o melhor time de especialistas da SEFAZ RJ	https://docs.google.com/spreadsheets/d/1t3XRYezCY9WSWtGphFGJkfAZS722W0irewxkxijcQIs/edit?gid=0
45566.0	Bússola da Aprovação PRF | A metodologia Imbatível que garantiu a aprovação de 952 Policiais Rodoviários Federais	https://docs.google.com/spreadsheets/d/1kf3w4qRQ-br_y_JDl-IvxU6UUeAN0RH8ndWeaovqCy0/edit?gid=0
45566.0	Guia da aprovação INSS I Conquiste uma das 7.655 vagas e salários de até R$ 9.7 mil com o método usado por 62% dos aprovados	https://docs.google.com/spreadsheets/d/1kAgrp-n7zlbx1BGTeIUs0kzo955jFsUH79KmWxJTFKg/edit?gid=0
45566.0	Melhor que Black Friday | O material usado por 70% dos aprovados pelo menor preço do ano	https://docs.google.com/spreadsheets/d/1DBeOPJTrcGcevAMsLoZPDO1y3qOrgYDGvSOqWEv8uP8/edit?gid=107296348
45627.0	O que fazer após o Concurso TJ SP?	https://docs.google.com/spreadsheets/d/1znRIxTaUjOyLa4PjT57udcrAarpcdLE4uKQrc8H7Oi0/edit?gid=524452270
45627.0	O que fazer após o Concurso TSE?	https://docs.google.com/spreadsheets/d/1h8q-4TbrhdJxfXhk6NmtAeYQbv9qBoOvv0ucvAbEy7Y/edit?gid=74556054
45658.0	Nunca mais seja demitido | 68 mil vagas em concursos, salários de até R$ 30 mil e estabilidade para sempre	https://docs.google.com/spreadsheets/d/1xUpsoa6dx_S2mpccYGC3hroMBNKKxmWFQaBCn_2lEvY/edit?gid=1049387767
45658.0	Missão PF & PRF 2025 | Realize seu sonho de ser policial com o método que é líder em aprovações no Brasil.	https://docs.google.com/spreadsheets/d/1nR9KnCQ5BEzJS2sKDStx60wL1gpteiJBRIOIS47kBv0/edit?gid=683855694
45658.0	Top 3 concursos de nível médio | As melhores oportunidades para ganhar até R$ 7 mil por mês sem ter faculdade	https://docs.google.com/spreadsheets/d/1wXguEC2UAPXK6bl9vU6ZyqM73Ndz5Frh7pQE3KO5FAk/edit?gid=0
45658.0	Operação Receita Federal 2025 | O guia definitivo escolhido por 83% dos aprovados para garantir R$ 23 mil mensais	https://docs.google.com/spreadsheets/d/1NwRFb5pEoWTIRapuKa3e7ydBkZU0mGf8CxsvXakt0XA/edit?gid=0
45658.0	Concurso IBAMA - Edital publicado	https://docs.google.com/spreadsheets/d/1974FCF4soDhQOzeiwczpYbTRDDIpcf753Wwu3BSbZj8/edit?gid=799579313
45689.0	Mentoria MPU em 80 dias | O plano acelerado para você conquistar até R$ 9 mil por mês	https://docs.google.com/spreadsheets/d/1sGqZRb3PXRhSTzpbw-7TF4Y47aDHiDNfzfCI6uE8-B4/edit?gid=0
45689.0	MP RJ em 90 dias | O guia completo para conquistar R$ 6 mil por mês mesmo sem ter faculdade	https://docs.google.com/spreadsheets/d/1avPtarXsR45k47RA3CGOOoK135N3gNmuOMAlhYkxSF4/edit?gid=1108572651
45689.0	Reta Final SEFAZ PR | O passo a passo para conquistar uma das 50 vagas e R$ 17 mil mensais	https://docs.google.com/spreadsheets/d/19jBFkHMRomxc639W-KlOUT2kLwianbVA-ZM58IKJDTw/edit?gid=846963748
45689.0	O Ano de Ouro dos Concursos Fiscais | O passo a passo para se tornar Auditor Fiscal e ganhar até R$ 36 mil + SELO "MAIS DE 1500 VAGAS	https://docs.google.com/spreadsheets/d/1CobkXWpCttBpGZyIzhHSBAxhTcUAt4rvFdy1rI6UvXc/edit?gid=0
45689.0	Bloco do Banco do Brasil | Descubra a estratégia que aprovou 490 candidatos e pode te levar a R$ 8,7 mil/mês sem faculdade	https://docs.google.com/spreadsheets/d/1SL5vR6vTA0PSo_GqxlfF3JZeaKLBdNRJwP5J5Ksx7Ic/edit?gid=0
45717.0	Semana Nacional da Polícia Federal | 20 horas de aulas gratuitas para você sair do zero e garantir uma das 2.000 vagas com salários de até R$ 15 mil	https://docs.google.com/spreadsheets/d/1XyrDA6JM4X0klNfnjWF1FsLuznLnoYimqQ-BGAogPAA/edit?gid=0
45748.0	Assinatura Vitalícia do Estratégia Concursos | Nunca mais gaste um centavo sequer para ser aprovado	https://docs.google.com/spreadsheets/d/1itanCuJ3KwBYyJ1odUb3rRkbAyXqhlYtqgEQPAMgaos/edit?gid=0
45748.0	Concurso TRT SP - Edital publicado	https://docs.google.com/spreadsheets/d/1GelnO-0zaGWTF07ZZAcG9B7xM6X4VdMIogII10e_8oQ/edit?gid=683855694
45748.0	Concurso Polícia Federal Administrativo - Edital publicado	https://docs.google.com/spreadsheets/d/1S7F2XjKTqJ8ELORaSdR8HzS3JxHBn0uECgZKtvFtBP0/edit?gid=683855694
45748.0	Funil por concurso (TRF4, SEFAZ PI, PRF, BB, Petrobras, INSS, TJ SP)	https://docs.google.com/spreadsheets/d/1xf4YyO0TcS5syxaVkAfVzqPVM2Tw6SvB55y6s8p4jI4/edit?gid=1046249462
45778.0	O que fazer após o Concurso do MPU?	https://docs.google.com/spreadsheets/d/1BxikYKbHslPnJWp5bqX9WAhROnU2eWc7YaoBJMeyLAE/edit?gid=215480497
45748.0	Operação PC CE | O guia completo de reta final para garantir uma das 425 vagas e mais de R$ 7 mil mensais	https://docs.google.com/spreadsheets/d/1pjxX-DaRQdzv0WF5cXOHRoI0qVlPDzEVF0eCCUB5zSA/edit?gid=0
45748.0	Polícia Federal: 90 em 5 | O plano para focar em 5 matérias, cobrir 90% do conteúdo e conquistar uma das 1.000 vagas	https://docs.google.com/spreadsheets/d/1fUdmvzS9jl2AgOuFI48Kj6qrgxC4YwqvdrbGZ6gkiWM/edit?gid=0
45778.0	Funil de e-mails TRF 4 - Pós-edital	https://docs.google.com/spreadsheets/d/1yzhrbRDpUPpW_g2alr_7JfT_U478FPvc8uKffIhiwOc/edit?usp=drivesdk
45778.0	Mapa da Aprovação PETROBRAS | O plano imbatível para ganhar R$ 5 mil + dezenas de benefícios ainda em 2023	https://docs.google.com/spreadsheets/d/1t20MXsUJo4kgBsB5RpFhoGWlDdX1L7Q_q0GXcnw4lRQ/edit?gid=0
45778.0	Projeto Auditor Fiscal 2025 | O Guia Completo com os Top  8 concursos para ganhar mais de R$ 30 mi/mês + SELO "MAIS DE 1100 VAGAS"	https://docs.google.com/spreadsheets/d/1_VnWIk38UOTRohPv0cEsfjtiCXjX-LsPgnP2ghho1N0/edit?gid=0
45778.0	Fórmula da Aprovação TCU | Aprenda a estratégia de 85% dos aprovados e conquiste até R$ 31 mil mensais	https://docs.google.com/spreadsheets/d/1BA5jugTI1TrDwX_IQC4Dsw76W7Lbg3peo8UMpSFlNXE/edit?usp=drivesdk
45809.0	Acelerador PRF | Turbine sua aprovação com o método usado por 952 aprovados e ingresse na PRF em 2025	https://docs.google.com/spreadsheets/d/1Eki6_cMOPRRM_-PSOYQTEezv5UY43qn0MQlxxNjJePI/edit?gid=0
45809.0	Do zero ao TJ PR | O guia de estudos pós-edital para ganhar mais de R$ 9 mil iniciais mesmo sem faculdade	https://docs.google.com/spreadsheets/d/1Zn0OUkegwqL2Ck5wyzYn_zGCQq2UgFqnGGcl_UgDSHE/edit?gid=0
45809.0	Controle Absoluto CGE SP | Como conquistar uma das 200 vagas e mais de R$ 18 mil/mês nesta oportunidade escondida	https://docs.google.com/spreadsheets/d/1TjmR1WgijzVymUYUGo6_fBRIsiaRXCQprbK8m_b6Twg/edit?gid=0
45809.0	Semana Nacional dos Concursos Públicos | 89 mil vagas, estabilidade e salários de até 35 mil - Seja aprovado ainda em 2025	https://docs.google.com/spreadsheets/d/1EgtZSytkRsO9HJ9y8yFRhg9Eu-JKNf2NQTJop-cRQxI/edit?gid=107296348
45839.0	CNU 2025: O Maior Concurso do Ano| Conquiste uma das 3.652 vagas com o curso que aprovou 2.990 no último CNU e tenha estabilidade para sempre	https://docs.google.com/spreadsheets/d/1_toO5eumbA_sFt-SXbyVQ9U7brEMOdQrqNWuL3n7u3c/edit?gid=683855694
45809.0	Funis de e-mail - Junho/25	https://docs.google.com/spreadsheets/d/1wmVsbG3wxMDv5FTWtARCZamoauQ-6v4urY_0yiLbJyo/edit?gid=376881996
45839.0	CNU 2025: do zero à aprovação | O passo a passo para estudar com a estratégia escolhida por 2.990 aprovados no último CNU	https://docs.google.com/spreadsheets/d/1uh7g-18A-izihNlJRV05kcKsOsZZ7XEFKQMfYHtMh4M/edit?gid=80225744
45839.0	Meu primeiro concurso   |  34 mil vagas de nível médio para ganhar ate R$ 9,8 mil por mês com estabilidade	https://docs.google.com/spreadsheets/d/1Zzw7Iu9wGjkvHg2qe7FSvo9F-P5T4ykXSh8eas5W320/edit?gid=80225744
45839.0	Plataforma da Aprovação Petrobras |  O guia completo para ser aprovado e ganhar mais de R$ 23 mil mensais	https://docs.google.com/spreadsheets/d/1b4FkGB4AEv8PqzB93mbPxDkUOFwzAaYKf7BIG6cj9l8/edit?gid=1881566966
45839.0	Marco Zero Receita Federal | O passo a passo para conquistar R$ 24 mil/mês com o segredo de 83% dos aprovados	https://docs.google.com/spreadsheets/d/1f9J5IVgu9fQF4fZzgWmzGjZ7E2J2bzjywTkr26D65vo/edit?gid=683855694
45839.0	O que fazer após o Concurso da Polícia Federal?	https://docs.google.com/spreadsheets/d/1rHASlN_Ihrv5cq272kouwCBO3Jht75CyybMXtieif_k/edit?gid=524452270
45839.0	Contagem Regressiva TJ RJ | Domine a estratégia de 90% aprovados antes que seja tarde demais para conquistar até R$ 12 mil/mês	https://docs.google.com/spreadsheets/d/1hGH7JwKyK7EEsAW9IE9u4qYVJJA9FGqJJowQKm6WuRU/edit?gid=683855694
45870.0	Tropa de Elite PRF | Comece na frente com o método que já aprovou 952 candidatos e conquiste um salário de R$ 12 mil por mês.	https://docs.google.com/spreadsheets/d/1SCY9Oey8jha9AkYwnBRVrv7ck0cYXWBVmLyg4ev428E/edit?gid=1110256110
45870.0	Contagem Regressiva SEFAZ RN | Domine a estratégia de 93% aprovados antes que seja tarde demais para conquistar até R$ 32 mil/mês	https://docs.google.com/spreadsheets/d/11TC3k1AWE8LwVhM6vD2pbcGvoNrfTHBOzUiNt7CxyUk/edit?gid=1110256110
45870.0	Contagem Regressiva CGE SP | Domine a estratégia de 85% aprovados antes que seja tarde demais para conquistar até R$ 20 mil/mês	https://docs.google.com/spreadsheets/d/1rcioMU9YwNFca4faiTlkb1Jt8H-pxnTqnVudYU2bZIY/edit?gid=1881566966
45870.0	Banco do Brasil em 180 dias | Descubra como conquistar até R$ 8,7 mil/mês estudando apenas 3 horas/dia por 6 meses	https://docs.google.com/spreadsheets/d/1xyMmoGRc49EXw5Y8TFIcdsxawQuPYoY9sx2HAg66KCc/edit?gid=1881566966
45901.0	Mapa da Independência Financeira | Ganhe até R$ 35 mil/mês e desfrute de uma carreira segura e estável no serviço público	https://docs.google.com/spreadsheets/d/1qcfS3wVnGuDw9RQIdv_iNPnIYWjgGVanh9uBw04Pkr0/edit?gid=1881566966
45901.0	Concurso TJ RS Express | O guia de 81 dias para quem tem nível médio conquistar R$ 5 mil por mês com estabilidade	https://docs.google.com/spreadsheets/d/12Sx_EC7HsfeExrrj6uGjLTiounKD06FwWsfbK5t0Tnc/edit?gid=0
45901.0	INSS do zero à aprovação | Conheça a estratégia usada por 627 aprovados para garantir uma das 8,5 mil vagas solicitadas	https://docs.google.com/spreadsheets/d/1dhG6u-f4AQNsQY-rRE89B9oO1lA1GbrJM8mCJ4E-SZs/edit?gid=683855694
45931.0	O que fazer após o Concurso Nacional Unificado?	https://metabase.data.estrategia.io/dashboard/4314-vendas-cupom-pos-cnu?assinatura_e_combos=Nenhum%2C0&cupons=%23CNU30%2C+CNU30%2C+%23CNUPREMIUM20%2C+CNUPREMIUM20%09&data_fim=2025-10-20&data_inicio=2025-10-05&interesse_evento=O+Ano+de+Ouro+dos+Concursos+Fiscais&pacote_e_combos_2=Nenhum%2C0&utm_campaign=
45931.0	TJ SP Descomplicado | O segredo utilizado por até 90% dos aprovados para conquistar R$ 6 mil/mês	https://docs.google.com/spreadsheets/d/12609eiwOWgIPKd0Zfu2EfHmLfqU-A0_-13GqsDtSsnE/edit?usp=drivesdk
45931.0	Funil pós-edital IGP RS	https://docs.google.com/spreadsheets/d/1YrRxwa0w-HtHy94kQjkYouTbQEPgOqhLjb6fn6LtyHQ/edit?gid=683855694
45931.0	Lucrando Alto Banco do Brasil | Como transformar 3h por dia de estudo em R$ 113 mil por ano	https://docs.google.com/spreadsheets/d/13maCRaTpStdZNYMqKwV8xT8o6nkGmVarhHFX3EY8cwo/edit?gid=683855694
45931.0	Melhor que Black Friday | O material utilizado por 70% dos aprovados pelo menor preço do ano	https://docs.google.com/spreadsheets/d/1cCiLBsTPv6p_LBswCHF6nnfDbw1nh6jTQ74-ZkZJzGQ/edit?pli=1&gid=1961948800
45962.0	Funil pós-edital TJ MS	https://docs.google.com/spreadsheets/d/1Tcc0lhzhV4HMcCadHl7eWxHLANrS-JAgpD0_HoSaO8w/edit?gid=395599448
45962.0	Plano de Reta Final TJ RJ | O guia completo para conquistar até R$ 13 mil mensais	https://docs.google.com/spreadsheets/d/1TsKoMx1wxwf6ZDvoIjtag962aOfUgSVOFZn_azDT2ic/edit?gid=683855694
45962.0	Guia do Auditor Fiscal 2026 | Como conquistar até R$ 39 mil/mês tendo qualquer formação de nível superior	https://docs.google.com/spreadsheets/d/1F3pyw6GlgUB7kgfmpjYl0N2uOYu7L23t34I1F0HTbP8/edit?gid=0
45962.0	Concurso SEFAZ SP - Edital publicado	https://docs.google.com/spreadsheets/d/1LWVArsN0nDYfEw9pJui8Pb0kBixap3pk4FYk2lYb4MY/edit?gid=799579313
45992.0	Caixa para Engenheiros e Arquitetos | O plano de reta final para conquistar 16k por mês em 60 dias	https://docs.google.com/spreadsheets/d/1SGy7rH5mCwgWwMhyc2sc54MQmN4qikjC-jx-8mN9xH0/edit?gid=1881566966
45992.0	Operação Pré-edital Petrobras | O passo a passo para ser aprovado e ganhar até R$ 23 mil/mês	https://docs.google.com/spreadsheets/d/1mtzt3lcnD4Bbb4PX0Djj3G9mNRiBeVEURfopaIN5pt4/edit?gid=1110256110
45992.0	O que fazer após o Concurso TJ SP?	https://docs.google.com/spreadsheets/d/1mpUuK3if-Vm38cL7R6cdS_ycFS506CYYl34OC9zmWWU/edit?gid=1529960768
45992.0	O que fazer após o Concurso CGE SP?	https://docs.google.com/spreadsheets/d/1Lg0NMaHCkLkJ8Oq1PA4NedMTkjGmewcbF6wWGGjAQsk/edit?gid=524452270
46023.0	Nunca mais seja demitido 2026 | Garanta sua estabilidade para sempre com salário de até 39 mil todos os meses!	https://docs.google.com/spreadsheets/d/1phmVCWZCuUSQpDAuyVblH8U0okEzI9nfo3mDLS0ARJ0/edit?gid=1550370845
45992.0	Projeto 32k Câmara dos Deputados | Seja um dos servidores mais bem pagos do país com a estratégia de 7 a cada 10 aprovados no Senado	https://docs.google.com/spreadsheets/d/11htedQVQM0P7hrKRhyaoMaN0jw7rXVIWqPHQLAvUDYI/edit?gid=1992578078
45992.0	Operação Pós-edital PC SC | Descubra o passo a passo para conquistar uma das 300 vagas	https://docs.google.com/spreadsheets/d/1b148ch-tyVYbUIsZdN1kuS0E_F1CJRBnWS49WG_zMtI/edit?gid=1992578078
46023.0	Sprint Final Câmara dos Deputados | Descubra a combinação de ferramentas que vai acelerar sua aprovação rumo aos 32k	https://docs.google.com/spreadsheets/d/1qXqc79jdco4EcubD0ryHRieBj01M8EluLngu2xc_Ijg/edit?gid=0
46023.0	O ano de ouro dos concursos fiscais | Aproveite o melhor momento em 20 anos para se tornar Auditor Fiscal, com salários de até R$ 39 mil e estabilidade	https://docs.google.com/spreadsheets/d/1nY1iMAn8QTL1yYVVhuaXF2yPkhQGgo-ykVGp2DkyECM/edit?gid=0
46023.0	Invasão PRF 2026 | Descubra o método que transformou 952 concurseiros em policiais e conquiste R$ 12 mil mensais	https://docs.google.com/spreadsheets/d/14u6j2P_5fSsBalTc5jrxeCMXRzdb2hocZnH3TgeXYbU/edit?usp=drivesdk
46023.0	INSS do zero à aprovação | Conquiste R$ 6 mil mensais com 3h de estudo por dia (SELO: 8.500 vagas solicitadas)	https://docs.google.com/spreadsheets/d/1b4KUiunninqspv7t8hsRppemfIVZmDgKz7cS3L1wN6Y/edit?gid=43350681
46023.0	Funis de Pacotes - Nunca mais seja demitido/26	https://docs.google.com/spreadsheets/d/1pi2Y0G-9BG2DC4NgqtldaGRy8M3mXXWstynZQuDMyL4/edit?gid=1616745533
46054.0	Banco do Brasil em alerta | Como sair do zero e conquistar R$ 8,7 mil/mês em 2026	https://docs.google.com/spreadsheets/d/1a-4RG3VbhAkamvUIaBGuk-7ZrlmzcBL8cv4jDp0xakM/edit?gid=1881566966
46054.0	O que fazer após o Concurso TJ RJ?	https://docs.google.com/spreadsheets/d/15s8FI6Rq2yAyZmx_hOcGtcuaCnbn_LzYZGwST5IhxW8/edit?gid=1765564704
46054.0	Operação Polícia Legislativa Federal	https://docs.google.com/spreadsheets/d/1Ae9bX8KwRYBOkT1H5uk4D3QHqBBo6OzWUkwKPqv0qso/edit?gid=1881566966
46054.0	Salário para Sempre | O caminho para conquistar estabilidade para sempre em umas das x mil vagas em concursos públicos	https://docs.google.com/spreadsheets/d/1PTPeOnGc9zjoELW3AWQ45FXU-XGYloEGqngcawi6UXw/edit?gid=280384477
46054.0	Mapa da aprovação Petrobras  | O guia personalizado para ser aprovado e ganhar até 23k por mês	https://docs.google.com/spreadsheets/d/1CtKWmDVqoXfz9ALYZmrgHIPVV2IujoOFnyqAChi1JkQ/edit?gid=0
46082.0	Semana do Consumidor Concurseiro | Descontos imperdíveis e bônus exclusivos para você virar servidor público em 2026!	https://docs.google.com/spreadsheets/d/1b-7YfaJDeOp2neGlyeN9_u0hHpnaIrjn2p7GQOvMbTc/edit?gid=1550370845
46082.0	O que fazer após o Concurso Câmara dos Deputados	https://docs.google.com/spreadsheets/d/1JTL5E9tnTpyKHXa8LbgdYxXfPErWZQmyGL8iJvawchw/edit?gid=524452270
46113.0	Projeto Auditor Fiscal 2026 | O Guia Completo com os Top 11 concursos para ganhar mais de R$ 37 mil/mês	https://docs.google.com/spreadsheets/d/1SjVnz5FO12VMHqvCq8ERzMb7tR8UkOIX/edit?gid=2142229665
46113.0	TJ SC em 75 dias | O plano de reta final para conquistar sua vaga e ganhar até R$ 10,3 mil/mês	https://docs.google.com/spreadsheets/d/1Gupx6oFj0ddsX6eybhAVQWPxvZyRfaoS/edit?gid=874269204
46143.0	Semana da SuperMãe Concursada | Como ser aprovada em 2026, mesmo que você tenha uma família inteira para cuidar	https://docs.google.com/spreadsheets/d/1-i928sQOJKKZ-JXfuf0h1KGsDNJKtfzg/edit?gid=2142229665
46113.0	Detonando Questões | Treine em alto nível com o método utilizado por 70% dos aprovados	https://docs.google.com/spreadsheets/d/17guamS7JPyU1AEo1rcuBtlH2dmdCKmdL_ktZbjq-rlk/edit?gid=683855694
46143.0	Alerta INSS | Transforme 3 horas diárias em R$ 7 mil/mês com o plano de estudos 100% personalizado	https://docs.google.com/spreadsheets/d/1hG8svgoBiKtC35KJZCwRN3SJsG7hEFEgl0sqJZAA_Sk/edit?gid=1751284216
46143.0	Masterclass Auditor Fiscal | O guia definitivo dos 12 concursos fiscais com mais de 1.100 vagas e salários de até R$ 38 mil	https://docs.google.com/spreadsheets/d/1jVR53iWv-JEl-5ByMIJTFouaRJS7ahFvP8GtKiC9SQs/edit?gid=1018066853
46143.0	Salário para Sempre | Conquiste o trabalho dos seus sonhos	https://docs.google.com/spreadsheets/d/178UK3fryUtpQ_HpLMv8NM_NlbhH2lvhe_3y5hfAuFrA/edit?gid=107296348
46054.0	Campanha TJ CE | Antecipação Edital publicado	https://docs.google.com/spreadsheets/d/1ynsG6TbKGTjZwmmdOcBl5KlpT-DImBtSVflGCPVbypo/edit?gid=250500529
46143.0	Dia dos Namorados Concurseiros | Garanta um futuro estável a dois com mais de 163 mil vagas e até R$ 38 mil nos concursos públicos	https://docs.google.com/spreadsheets/d/1gq-UMlzJH3jGQuP0Ac66GCkZTUdN6xIA/edit?gid=2142229665
46174.0	Semana Nacional dos Concursos Públicos 2026	https://docs.google.com/spreadsheets/d/12MVxttk_i8_hwclG0Ei2Ik1DtfZHZntsZp77kWgzP8c/edit?gid=1475180120
46174.0	Copa das Questões: Rumo à Aprovação nos Concursos	https://docs.google.com/spreadsheets/d/1ct9kMWgLxi-jfuOQpmzRZt7Z3P7jSUrHvco89SCiz2w/edit?gid=792400244
46204.0	Operação Policial Civil 2026 | O guia completo para conquistar uma das 3.182 vagas e ganhar até R$ 9 mil	https://docs.google.com/spreadsheets/d/1FUaR0Iy2ONLI8r2g1DfgPkxfzp8oNGk1/edit?gid=2142229665
46204.0	Concurso Receita Federal 2026 | O Plano de estudos 100% personalizado para ser aprovado e ganhar R$ 36 mil/mês	https://docs.google.com/spreadsheets/d/1hCTW64B0vc6odsObbez60MWQ-id_wBCa0LFYrfY56x0/edit?gid=823525046
46204.0	Projeto Auditor de Controle | O Plano de estudos 100% personalizado para ser aprovado e ganhar até R$ 20 mil/mês	https://docs.google.com/spreadsheets/d/1hh9z6qj8KkIQFdDrPi7S1XQyenYsxalF/edit?gid=659533003
46204.0	Aquecimento Banco Central | O Plano de estudos 100% personalizado para ser aprovado e ganhar R$ 36 mil/mês	https://docs.google.com/spreadsheets/d/1S6qsZOkMv5YB3FbNA8QIZL9u5UK13WeY/edit?gid=2142229665
